step,train_loss,val_loss
0,4.201048374176025,4.199633598327637
200,2.4936695098876953,2.496896743774414
400,2.374770164489746,2.3756868839263916
600,2.1899232864379883,2.205324411392212
800,2.081428289413452,2.1079678535461426
1000,2.0038225650787354,2.058460235595703
1199,1.926181435585022,2.029951572418213
